{"a_r10_c6_5dFalse_scale0.5.jpg": [43, 46.50798296928406], "a_r20_c3_5dTrue_scale0.5.jpg": [10, 2.587933301925659], "a_r20_c2_5dFalse_scale0.5.jpg": [11, 1.3573849201202393], "a_r5_c2_5dFalse_scale0.5.jpg": [264, 10.675663709640503], "a_r15_c8_5dFalse_scale0.5.jpg": [10, 38.6251904964447], "a_r20_c1_5dFalse_scale0.5.jpg": [7, 0.5528097152709961], "a_r15_c3_5dFalse_scale0.5.jpg": [9, 6.260931730270386], "a_r15_c2_5dFalse_scale0.5.jpg": [8, 2.8968217372894287], "a_r5_c10_5dTrue_scale0.5.jpg": [282, 144.99332070350647], "a_r20_c10_5dFalse_scale0.5.jpg": [13, 18.641539096832275], "a_r10_c2_5dTrue_scale0.5.jpg": [39, 7.472615480422974], "a_r5_c1_5dTrue_scale0.5.jpg": [219, 3.4813027381896973], "a_r20_c6_5dTrue_scale0.5.jpg": [11, 9.36955738067627], "a_r15_c9_5dTrue_scale0.5.jpg": [10, 46.73027491569519], "a_r20_c4_5dFalse_scale0.5.jpg": [11, 4.330514192581177], "a_r20_c9_5dTrue_scale0.5.jpg": [13, 17.594035625457764], "a_r5_c5_5dFalse_scale0.5.jpg": [279, 45.15099620819092], "a_r15_c8_5dTrue_scale0.5.jpg": [10, 40.93988037109375], "a_r10_c10_5dTrue_scale0.5.jpg": [42, 142.511812210083], "a_r15_c1_5dFalse_scale0.5.jpg": [8, 0.9784808158874512], "a_r10_c5_5dFalse_scale0.5.jpg": [43, 33.93031597137451], "a_r5_c8_5dFalse_scale0.5.jpg": [280, 88.36317801475525], "a_r5_c3_5dTrue_scale0.5.jpg": [276, 24.248783111572266], "a_r10_c1_5dFalse_scale0.5.jpg": [30, 1.9514191150665283], "a_r10_c3_5dFalse_scale0.5.jpg": [42, 12.184958457946777], "a_r15_c4_5dTrue_scale0.5.jpg": [9, 13.100041627883911], "a_r10_c3_5dTrue_scale0.5.jpg": [40, 13.889844417572021], "a_r5_c3_5dFalse_scale0.5.jpg": [272, 23.319888830184937], "a_r5_c1_5dFalse_scale0.5.jpg": [214, 3.3543460369110107], "a_r10_c7_5dFalse_scale0.5.jpg": [43, 44.17222785949707], "a_r10_c8_5dTrue_scale0.5.jpg": [42, 82.0556480884552], "a_r15_c2_5dTrue_scale0.5.jpg": [8, 3.095503091812134], "a_r15_c10_5dFalse_scale0.5.jpg": [10, 48.12228965759277], "a_r5_c4_5dFalse_scale0.5.jpg": [279, 40.8713014125824], "a_r20_c10_5dTrue_scale0.5.jpg": [13, 20.53124189376831], "a_r5_c9_5dFalse_scale0.5.jpg": [280, 91.84882092475891], "a_r10_c8_5dFalse_scale0.5.jpg": [44, 70.11153769493103], "a_r5_c6_5dTrue_scale0.5.jpg": [282, 97.59286403656006], "a_r20_c8_5dTrue_scale0.5.jpg": [13, 13.505489587783813], "a_r5_c8_5dTrue_scale0.5.jpg": [282, 124.2201132774353], "a_r10_c1_5dTrue_scale0.5.jpg": [29, 2.244046449661255], "a_r15_c10_5dTrue_scale0.5.jpg": [10, 57.19942116737366], "a_r20_c5_5dFalse_scale0.5.jpg": [13, 6.527777433395386], "a_r5_c4_5dTrue_scale0.5.jpg": [279, 45.6794273853302], "a_r15_c5_5dFalse_scale0.5.jpg": [10, 16.91927933692932], "a_r5_c10_5dFalse_scale0.5.jpg": [280, 92.70375370979309], "a_r10_c10_5dFalse_scale0.5.jpg": [44, 71.75640749931335], "a_r10_c9_5dFalse_scale0.5.jpg": [44, 71.43049645423889], "a_r10_c4_5dFalse_scale0.5.jpg": [43, 20.83556056022644], "a_r5_c9_5dTrue_scale0.5.jpg": [282, 140.54324984550476], "a_r5_c7_5dTrue_scale0.5.jpg": [282, 113.107670545578], "a_r15_c3_5dTrue_scale0.5.jpg": [9, 6.574912071228027], "a_r10_c5_5dTrue_scale0.5.jpg": [42, 40.084693908691406], "a_r15_c4_5dFalse_scale0.5.jpg": [9, 11.469708442687988], "a_r10_c7_5dTrue_scale0.5.jpg": [42, 67.82645654678345], "a_r20_c9_5dFalse_scale0.5.jpg": [13, 17.44006323814392], "a_r15_c7_5dTrue_scale0.5.jpg": [10, 33.409711599349976], "a_r20_c1_5dTrue_scale0.5.jpg": [7, 0.5699772834777832], "a_r20_c7_5dTrue_scale0.5.jpg": [12, 11.960649490356445], "a_r5_c6_5dFalse_scale0.5.jpg": [279, 85.68785381317139], "a_r15_c9_5dFalse_scale0.5.jpg": [10, 44.145079135894775], "a_r10_c6_5dTrue_scale0.5.jpg": [41, 52.20199012756348], "a_r15_c1_5dTrue_scale0.5.jpg": [8, 1.015336036682129], "a_r20_c7_5dFalse_scale0.5.jpg": [11, 12.315359830856323], "a_r10_c9_5dTrue_scale0.5.jpg": [42, 100.97896599769592], "a_r10_c4_5dTrue_scale0.5.jpg": [41, 24.373968601226807], "a_r15_c6_5dTrue_scale0.5.jpg": [10, 25.144803762435913], "a_r5_c5_5dTrue_scale0.5.jpg": [280, 86.67499876022339], "a_r15_c7_5dFalse_scale0.5.jpg": [10, 32.37070322036743], "a_r20_c8_5dFalse_scale0.5.jpg": [13, 11.871708393096924], "a_r10_c2_5dFalse_scale0.5.jpg": [41, 6.191070079803467], "a_r5_c7_5dFalse_scale0.5.jpg": [279, 86.45063591003418], "a_r20_c2_5dTrue_scale0.5.jpg": [12, 1.342766284942627], "a_r5_c2_5dTrue_scale0.5.jpg": [267, 11.310279607772827], "a_r15_c6_5dFalse_scale0.5.jpg": [10, 22.255321741104126], "a_r20_c6_5dFalse_scale0.5.jpg": [11, 9.00772738456726], "a_r15_c5_5dTrue_scale0.5.jpg": [10, 19.701443672180176], "a_r20_c3_5dFalse_scale0.5.jpg": [10, 2.583779811859131], "a_r20_c5_5dTrue_scale0.5.jpg": [13, 6.558565616607666], "a_r20_c4_5dTrue_scale0.5.jpg": [11, 4.393995523452759]}