{"a_r10_c5_5dTrue_scale1.jpg": [30, 342.1186330318451], "a_r5_c10_5dTrue_scale1.jpg": [347, 1775.3159217834473], "a_r10_c8_5dFalse_scale1.jpg": [32, 650.9664590358734], "a_r15_c4_5dFalse_scale1.jpg": [10, 101.76402688026428], "a_r15_c6_5dFalse_scale1.jpg": [11, 169.85678720474243], "a_r10_c10_5dTrue_scale1.jpg": [32, 1348.899486541748], "a_r10_c6_5dFalse_scale1.jpg": [30, 389.4941349029541], "a_r20_c5_5dFalse_scale1.jpg": [10, 84.07311224937439], "a_r5_c2_5dFalse_scale1.jpg": [303, 128.7719624042511], "a_r20_c1_5dTrue_scale1.jpg": [8, 45.84146451950073], "a_r5_c1_5dTrue_scale1.jpg": [238, 69.51710224151611], "a_r10_c9_5dTrue_scale1.jpg": [32, 926.5513067245483], "a_r5_c9_5dFalse_scale1.jpg": [353, 929.5145099163055], "a_r10_c1_5dFalse_scale1.jpg": [22, 51.80753254890442], "a_r20_c8_5dFalse_scale1.jpg": [10, 149.60997319221497], "a_r10_c6_5dTrue_scale1.jpg": [29, 440.19718527793884], "a_r10_c3_5dFalse_scale1.jpg": [25, 122.97143864631653], "a_r5_c10_5dFalse_scale1.jpg": [353, 959.9169189929962], "a_r10_c9_5dFalse_scale1.jpg": [32, 664.0837051868439], "a_r5_c9_5dTrue_scale1.jpg": [347, 1677.8589153289795], "a_r20_c7_5dFalse_scale1.jpg": [10, 133.42324328422546], "a_r5_c3_5dTrue_scale1.jpg": [334, 282.9203095436096], "a_r15_c7_5dTrue_scale1.jpg": [10, 306.0134663581848], "a_r10_c3_5dTrue_scale1.jpg": [25, 136.19496178627014], "a_r10_c2_5dFalse_scale1.jpg": [27, 73.45977711677551], "a_r15_c7_5dFalse_scale1.jpg": [12, 268.3900752067566], "a_r20_c10_5dTrue_scale1.jpg": [11, 267.0633316040039], "a_r15_c3_5dTrue_scale1.jpg": [10, 78.39570951461792], "a_r20_c6_5dTrue_scale1.jpg": [10, 111.44083619117737], "a_r5_c8_5dTrue_scale1.jpg": [347, 1520.9506905078888], "a_r20_c4_5dTrue_scale1.jpg": [10, 69.32185626029968], "a_r5_c3_5dFalse_scale1.jpg": [337, 238.58236527442932], "a_r20_c9_5dTrue_scale1.jpg": [11, 245.47352385520935], "a_r10_c1_5dTrue_scale1.jpg": [22, 46.41655158996582], "a_r20_c2_5dTrue_scale1.jpg": [10, 43.16785526275635], "a_r10_c4_5dFalse_scale1.jpg": [28, 183.27685594558716], "a_r20_c2_5dFalse_scale1.jpg": [10, 40.44946575164795], "a_r10_c10_5dFalse_scale1.jpg": [32, 682.5992116928101], "a_r5_c4_5dFalse_scale1.jpg": [345, 409.35608673095703], "a_r5_c7_5dTrue_scale1.jpg": [347, 1262.4693965911865], "a_r15_c5_5dTrue_scale1.jpg": [10, 172.9358184337616], "a_r15_c2_5dTrue_scale1.jpg": [9, 52.393521785736084], "a_r15_c10_5dFalse_scale1.jpg": [12, 380.4596276283264], "a_r15_c8_5dTrue_scale1.jpg": [11, 359.04298663139343], "a_r5_c2_5dTrue_scale1.jpg": [307, 149.46249508857727], "a_r20_c9_5dFalse_scale1.jpg": [11, 226.847660779953], "a_r20_c3_5dTrue_scale1.jpg": [10, 51.76555156707764], "a_r20_c4_5dFalse_scale1.jpg": [10, 63.88519239425659], "a_r20_c8_5dTrue_scale1.jpg": [10, 173.19179892539978], "a_r20_c7_5dTrue_scale1.jpg": [10, 145.8250880241394], "a_r15_c1_5dFalse_scale1.jpg": [9, 46.09551024436951], "a_r5_c4_5dTrue_scale1.jpg": [343, 502.61434149742126], "a_r10_c8_5dTrue_scale1.jpg": [31, 776.2506401538849], "a_r15_c10_5dTrue_scale1.jpg": [12, 506.9491636753082], "a_r15_c8_5dFalse_scale1.jpg": [12, 310.50194907188416], "a_r15_c9_5dTrue_scale1.jpg": [12, 439.9572970867157], "a_r10_c7_5dTrue_scale1.jpg": [30, 605.5447301864624], "a_r5_c6_5dTrue_scale1.jpg": [347, 1070.523267030716], "a_r20_c10_5dFalse_scale1.jpg": [11, 224.1355540752411], "a_r10_c7_5dFalse_scale1.jpg": [29, 405.90235590934753], "a_r15_c2_5dFalse_scale1.jpg": [9, 49.071247816085815], "a_r5_c5_5dTrue_scale1.jpg": [348, 885.5335028171539], "a_r5_c6_5dFalse_scale1.jpg": [351, 808.2993590831757], "a_r20_c5_5dTrue_scale1.jpg": [10, 90.10038161277771], "a_r5_c8_5dFalse_scale1.jpg": [353, 891.6607310771942], "a_r15_c9_5dFalse_scale1.jpg": [12, 377.12994933128357], "a_r15_c1_5dTrue_scale1.jpg": [9, 42.55822396278381], "a_r20_c6_5dFalse_scale1.jpg": [10, 100.52389645576477], "a_r15_c3_5dFalse_scale1.jpg": [10, 71.72986006736755], "a_r10_c5_5dFalse_scale1.jpg": [30, 281.4992644786835], "a_r5_c5_5dFalse_scale1.jpg": [346, 430.8083462715149], "a_r5_c1_5dFalse_scale1.jpg": [236, 69.21833753585815], "a_r15_c5_5dFalse_scale1.jpg": [11, 138.0407304763794], "a_r15_c4_5dTrue_scale1.jpg": [10, 113.91580891609192], "a_r20_c3_5dFalse_scale1.jpg": [10, 48.89136075973511], "a_r10_c4_5dTrue_scale1.jpg": [28, 210.30740427970886], "a_r10_c2_5dTrue_scale1.jpg": [26, 81.3059332370758], "a_r20_c1_5dFalse_scale1.jpg": [8, 35.37597465515137], "a_r5_c7_5dFalse_scale1.jpg": [351, 853.3814117908478], "a_r15_c6_5dTrue_scale1.jpg": [11, 211.68771743774414]}