{"b_r5_c2_5dTrue_scale1.jpg": [473, 42.299050092697144], "b_r15_c2_5dFalse_scale1.jpg": [8, 49.9743230342865], "b_r10_c3_5dTrue_scale1.jpg": [50, 122.50248408317566], "b_r20_c4_5dTrue_scale1.jpg": [8, 126.100341796875], "b_r10_c9_5dFalse_scale1.jpg": [55, 816.5561990737915], "b_r10_c4_5dTrue_scale1.jpg": [53, 193.51134634017944], "b_r5_c3_5dTrue_scale1.jpg": [500, 80.62775993347168], "b_r20_c10_5dFalse_scale1.jpg": [9, 521.5796451568604], "b_r10_c5_5dTrue_scale1.jpg": [54, 342.3322308063507], "b_r15_c10_5dTrue_scale1.jpg": [8, 1071.0874016284943], "b_r10_c7_5dTrue_scale1.jpg": [54, 716.6929924488068], "b_r10_c9_5dTrue_scale1.jpg": [55, 1081.6920583248138], "b_r20_c2_5dTrue_scale1.jpg": [8, 31.339547157287598], "b_r15_c4_5dFalse_scale1.jpg": [8, 197.35755252838135], "b_r20_c9_5dFalse_scale1.jpg": [9, 543.8637237548828], "b_r20_c7_5dFalse_scale1.jpg": [10, 247.1265425682068], "b_r10_c5_5dFalse_scale1.jpg": [52, 212.96226477622986], "b_r5_c1_5dTrue_scale1.jpg": [367, 10.582717657089233], "b_r5_c4_5dTrue_scale1.jpg": [521, 132.83871483802795], "b_r20_c1_5dTrue_scale1.jpg": [8, 10.879836559295654], "b_r5_c6_5dFalse_scale1.jpg": [534, 154.44268369674683], "b_r15_c6_5dFalse_scale1.jpg": [8, 271.3853690624237], "b_r15_c9_5dFalse_scale1.jpg": [8, 852.9126722812653], "b_r15_c7_5dFalse_scale1.jpg": [8, 772.3118443489075], "b_r15_c8_5dTrue_scale1.jpg": [8, 543.2681739330292], "b_r20_c7_5dTrue_scale1.jpg": [10, 302.4452157020569], "b_r10_c1_5dTrue_scale1.jpg": [42, 12.439224243164062], "b_r5_c9_5dTrue_scale1.jpg": [534, 219.33998203277588], "b_r15_c9_5dTrue_scale1.jpg": [8, 986.9892339706421], "b_r10_c7_5dFalse_scale1.jpg": [54, 477.47666120529175], "b_r5_c5_5dTrue_scale1.jpg": [531, 208.57784605026245], "b_r20_c6_5dFalse_scale1.jpg": [10, 165.56088376045227], "b_r20_c6_5dTrue_scale1.jpg": [9, 170.56909370422363], "b_r10_c1_5dFalse_scale1.jpg": [41, 11.901723623275757], "b_r15_c1_5dFalse_scale1.jpg": [8, 13.872876167297363], "b_r20_c2_5dFalse_scale1.jpg": [8, 29.175023078918457], "b_r20_c5_5dTrue_scale1.jpg": [8, 152.52295327186584], "b_r5_c3_5dFalse_scale1.jpg": [507, 76.50732922554016], "b_r5_c8_5dFalse_scale1.jpg": [537, 162.3198380470276], "b_r10_c4_5dFalse_scale1.jpg": [52, 179.8664493560791], "b_r20_c3_5dFalse_scale1.jpg": [8, 67.98240733146667], "b_r15_c3_5dFalse_scale1.jpg": [8, 111.6672191619873], "b_r20_c1_5dFalse_scale1.jpg": [8, 9.598657846450806], "b_r5_c8_5dTrue_scale1.jpg": [534, 207.1637933254242], "b_r15_c6_5dTrue_scale1.jpg": [8, 332.3532748222351], "b_r5_c7_5dFalse_scale1.jpg": [535, 246.3706533908844], "b_r5_c10_5dTrue_scale1.jpg": [534, 268.7508659362793], "b_r10_c8_5dTrue_scale1.jpg": [55, 533.6352691650391], "b_r20_c4_5dFalse_scale1.jpg": [8, 110.089035987854], "b_r15_c5_5dTrue_scale1.jpg": [8, 248.0306134223938], "b_r10_c10_5dTrue_scale1.jpg": [55, 1135.4985415935516], "b_r20_c9_5dTrue_scale1.jpg": [9, 583.9848403930664], "b_r20_c8_5dTrue_scale1.jpg": [10, 280.1342296600342], "b_r15_c7_5dTrue_scale1.jpg": [8, 787.3599200248718], "b_r10_c2_5dFalse_scale1.jpg": [48, 58.75178790092468], "b_r15_c3_5dTrue_scale1.jpg": [8, 136.09995031356812], "b_r15_c1_5dTrue_scale1.jpg": [8, 10.810457468032837], "b_r20_c10_5dTrue_scale1.jpg": [9, 659.3691582679749], "b_r10_c2_5dTrue_scale1.jpg": [48, 64.2441132068634], "b_r15_c5_5dFalse_scale1.jpg": [8, 215.22465825080872], "b_r10_c8_5dFalse_scale1.jpg": [54, 478.49155592918396], "b_r10_c10_5dFalse_scale1.jpg": [55, 643.8338451385498], "b_r20_c5_5dFalse_scale1.jpg": [8, 136.62786102294922], "b_r5_c1_5dFalse_scale1.jpg": [362, 10.035316944122314], "b_r5_c6_5dTrue_scale1.jpg": [533, 171.20248222351074], "b_r10_c3_5dFalse_scale1.jpg": [51, 123.84525322914124], "b_r15_c8_5dFalse_scale1.jpg": [8, 516.7818975448608], "b_r5_c10_5dFalse_scale1.jpg": [537, 223.2934753894806], "b_r5_c7_5dTrue_scale1.jpg": [534, 266.4576370716095], "b_r15_c2_5dTrue_scale1.jpg": [8, 56.90786290168762], "b_r15_c4_5dTrue_scale1.jpg": [8, 224.0128312110901], "b_r5_c4_5dFalse_scale1.jpg": [524, 118.1182610988617], "b_r5_c2_5dFalse_scale1.jpg": [466, 38.54106855392456], "b_r20_c3_5dTrue_scale1.jpg": [8, 71.02109622955322], "b_r5_c5_5dFalse_scale1.jpg": [526, 118.48327541351318], "b_r10_c6_5dFalse_scale1.jpg": [53, 296.09616804122925], "b_r5_c9_5dFalse_scale1.jpg": [537, 228.754976272583], "b_r15_c10_5dFalse_scale1.jpg": [8, 880.2648816108704], "b_r10_c6_5dTrue_scale1.jpg": [54, 306.364296913147], "b_r20_c8_5dFalse_scale1.jpg": [10, 254.7689356803894]}