{"c_r20_c10_5dFalse_scale1.jpg": [8, 264.4178638458252], "c_r15_c6_5dFalse_scale1.jpg": [10, 212.6384301185608], "c_r10_c10_5dFalse_scale1.jpg": [19, 581.7629034519196], "c_r15_c8_5dFalse_scale1.jpg": [10, 306.46340227127075], "c_r5_c6_5dFalse_scale1.jpg": [209, 380.6981418132782], "c_r20_c5_5dFalse_scale1.jpg": [8, 129.93544626235962], "c_r5_c4_5dTrue_scale1.jpg": [206, 267.77388286590576], "c_r15_c5_5dTrue_scale1.jpg": [11, 203.5266978740692], "c_r10_c4_5dTrue_scale1.jpg": [16, 220.17331838607788], "c_r5_c9_5dFalse_scale1.jpg": [210, 356.70684599876404], "c_r5_c1_5dTrue_scale1.jpg": [155, 66.6576497554779], "c_r15_c6_5dTrue_scale1.jpg": [11, 233.39148378372192], "c_r20_c7_5dFalse_scale1.jpg": [8, 151.06504011154175], "c_r10_c5_5dFalse_scale1.jpg": [18, 311.84568095207214], "c_r15_c5_5dFalse_scale1.jpg": [10, 175.95311903953552], "c_r5_c9_5dTrue_scale1.jpg": [212, 701.9862229824066], "c_r5_c5_5dTrue_scale1.jpg": [209, 492.9187273979187], "c_r15_c4_5dTrue_scale1.jpg": [11, 143.92833161354065], "c_r5_c8_5dTrue_scale1.jpg": [211, 630.3976972103119], "c_r5_c8_5dFalse_scale1.jpg": [210, 338.73457646369934], "c_r20_c2_5dTrue_scale1.jpg": [8, 62.07618188858032], "c_r20_c3_5dTrue_scale1.jpg": [8, 71.30601835250854], "c_r10_c3_5dTrue_scale1.jpg": [15, 145.86773371696472], "c_r10_c2_5dTrue_scale1.jpg": [14, 100.7547812461853], "c_r10_c3_5dFalse_scale1.jpg": [16, 122.59808778762817], "c_r5_c2_5dFalse_scale1.jpg": [193, 89.46852898597717], "c_r10_c8_5dTrue_scale1.jpg": [19, 614.6060280799866], "c_r15_c1_5dTrue_scale1.jpg": [10, 60.53932452201843], "c_r15_c7_5dTrue_scale1.jpg": [12, 251.00014448165894], "c_r5_c10_5dFalse_scale1.jpg": [210, 372.23332166671753], "c_r20_c8_5dFalse_scale1.jpg": [8, 161.81776070594788], "c_r20_c7_5dTrue_scale1.jpg": [8, 167.22275805473328], "c_r20_c8_5dTrue_scale1.jpg": [8, 185.37015891075134], "c_r15_c2_5dFalse_scale1.jpg": [10, 69.6944510936737], "c_r15_c3_5dFalse_scale1.jpg": [10, 87.33329367637634], "c_r20_c1_5dTrue_scale1.jpg": [8, 57.62982988357544], "c_r15_c4_5dFalse_scale1.jpg": [10, 124.00064706802368], "c_r10_c9_5dTrue_scale1.jpg": [19, 732.8517265319824], "c_r10_c10_5dTrue_scale1.jpg": [20, 1104.4521434307098], "c_r15_c10_5dTrue_scale1.jpg": [12, 401.1651089191437], "c_r5_c3_5dTrue_scale1.jpg": [202, 166.05623722076416], "c_r5_c3_5dFalse_scale1.jpg": [202, 128.98392844200134], "c_r10_c1_5dTrue_scale1.jpg": [13, 61.648518800735474], "c_r20_c1_5dFalse_scale1.jpg": [8, 52.76274538040161], "c_r5_c2_5dTrue_scale1.jpg": [185, 115.41766571998596], "c_r15_c9_5dTrue_scale1.jpg": [12, 344.74294567108154], "c_r10_c5_5dTrue_scale1.jpg": [17, 439.2633411884308], "c_r15_c7_5dFalse_scale1.jpg": [10, 270.3996171951294], "c_r5_c6_5dTrue_scale1.jpg": [210, 635.532356262207], "c_r5_c7_5dTrue_scale1.jpg": [211, 609.0803530216217], "c_r20_c6_5dFalse_scale1.jpg": [8, 131.4696319103241], "c_r20_c4_5dFalse_scale1.jpg": [8, 89.40505242347717], "c_r10_c4_5dFalse_scale1.jpg": [17, 202.50073170661926], "c_r20_c9_5dTrue_scale1.jpg": [8, 281.7585246562958], "c_r20_c10_5dTrue_scale1.jpg": [8, 315.613977432251], "c_r15_c2_5dTrue_scale1.jpg": [10, 74.30368876457214], "c_r5_c4_5dFalse_scale1.jpg": [206, 189.73065662384033], "c_r20_c2_5dFalse_scale1.jpg": [8, 59.142964601516724], "c_r10_c8_5dFalse_scale1.jpg": [19, 560.1837148666382], "c_r20_c4_5dTrue_scale1.jpg": [8, 98.15124678611755], "c_r5_c5_5dFalse_scale1.jpg": [208, 223.36320781707764], "c_r15_c3_5dTrue_scale1.jpg": [10, 95.79740476608276], "c_r15_c9_5dFalse_scale1.jpg": [10, 374.64414405822754], "c_r15_c1_5dFalse_scale1.jpg": [10, 55.434216260910034], "c_r10_c1_5dFalse_scale1.jpg": [13, 59.299752712249756], "c_r15_c10_5dFalse_scale1.jpg": [10, 382.2006070613861], "c_r20_c9_5dFalse_scale1.jpg": [8, 260.25569796562195], "c_r5_c10_5dTrue_scale1.jpg": [212, 764.1616513729095], "c_r10_c9_5dFalse_scale1.jpg": [19, 568.6606664657593], "c_r10_c7_5dFalse_scale1.jpg": [17, 346.16335272789], "c_r5_c1_5dFalse_scale1.jpg": [154, 58.58296322822571], "c_r20_c5_5dTrue_scale1.jpg": [8, 136.91300320625305], "c_r10_c6_5dFalse_scale1.jpg": [17, 445.02689504623413], "c_r20_c3_5dFalse_scale1.jpg": [8, 68.15095710754395], "c_r10_c2_5dFalse_scale1.jpg": [14, 91.58787560462952], "c_r5_c7_5dFalse_scale1.jpg": [209, 357.2847936153412], "c_r10_c7_5dTrue_scale1.jpg": [19, 492.8316934108734], "c_r20_c6_5dTrue_scale1.jpg": [8, 148.49528217315674], "c_r15_c8_5dTrue_scale1.jpg": [12, 285.0830566883087], "c_r10_c6_5dTrue_scale1.jpg": [18, 518.6275632381439]}